y_true,churn_probability,churn_prediction
0,0.0,0
0,0.0,0
0,0.0,0
0,0.0,0
0,0.0,0
0,0.0,0
0,0.0,0
0,0.0,0
0,0.0,0
0,0.0,0
0,0.0,0
1,1.0,1
0,0.0,0
0,0.0,0
0,0.0,0
0,0.0,0
0,0.0,0
0,0.0,0
0,0.0,0
0,0.0,0
0,0.0,0
0,0.0,0
1,1.0,1
0,0.0,0
0,0.0,0
0,0.0,0
0,0.0,0
0,0.0,0
0,0.0,0
0,0.0,0
0,0.0,0
0,0.0,0
1,1.0,1
0,0.0,0
0,0.0,0
0,0.0,0
0,0.0,0
0,0.0,0
0,0.0,0
0,0.0,0
0,0.0,0
1,1.0,1
0,0.0,0
0,0.0,0
0,0.0,0
0,0.0,0
0,0.0,0
0,0.0,0
0,0.0,0
0,0.0,0
0,0.0,0
0,0.0,0
0,0.0,0
1,1.0,1
0,0.0,0
1,1.0,1
0,0.0,0
0,0.0,0
0,0.0,0
1,1.0,1
0,0.0,0
0,0.0,0
0,0.0,0
1,0.0,0
0,0.0,0
0,0.0,0
0,0.0,0
0,0.0,0
0,0.0,0
0,0.0,0
0,0.0,0
1,1.0,1
0,0.0,0
0,0.0,0
1,1.0,1
0,0.0,0
0,0.0,0
0,0.0,0
0,0.0,0
1,1.0,1
0,0.0,0
1,1.0,1
0,0.0,0
0,0.0,0
0,0.0,0
1,1.0,1
1,1.0,1
0,0.0,0
1,1.0,1
0,0.0,0
0,0.0,0
0,0.0,0
1,1.0,1
1,1.0,1
0,0.0,0
0,0.0,0
0,0.0,0
0,0.0,0
1,1.0,1
1,1.0,1
0,0.0,0
1,1.0,1
0,0.0,0
0,0.0,0
0,0.0,0
0,0.0,0
0,0.0,0
0,0.0,0
0,0.0,0
0,0.0,0
0,0.0,0
0,0.0,0
1,1.0,1
1,1.0,1
0,0.0,0
0,0.0,0
0,0.0,0
0,0.0,0
0,0.03240351006388664,0
1,1.0,1
0,0.0,0
0,0.0,0
0,0.0,0
0,0.0,0
0,0.0,0
0,0.0,0
0,0.0,0
0,0.0,0
1,1.0,1
0,0.0,0
0,0.0,0
0,0.0,0
0,0.0,0
0,0.0,0
0,0.0,0
1,1.0,1
1,1.0,1
0,0.0,0
0,0.0,0
0,0.0,0
1,1.0,1
0,0.0,0
0,0.0,0
0,0.0,0
0,0.0,0
0,0.0,0
1,0.6271706819534302,1
0,0.0,0
1,1.0,1
0,0.0,0
1,1.0,1
0,0.0,0
0,0.0,0
0,0.0,0
0,0.0,0
0,0.0,0
0,0.0,0
0,0.0,0
1,1.0,1
0,0.0,0
1,1.0,1
1,1.0,1
0,0.0,0
0,0.0,0
0,0.0,0
0,0.0,0
1,1.0,1
0,0.0,0
0,0.3885641396045685,1
1,1.0,1
0,0.0,0
1,0.44343170523643494,1
0,0.0,0
0,0.0,0
0,0.0,0
0,0.0,0
0,0.0,0
0,0.0,0
1,1.0,1
1,1.0,1
0,0.0,0
1,1.0,1
0,0.0,0
0,0.0,0
0,0.0,0
1,1.0,1
0,0.0,0
0,0.0,0
0,0.0,0
0,0.0,0
0,0.0,0
0,0.0,0
0,0.0,0
1,1.0,1
0,0.0,0
1,0.8792625069618225,1
0,0.0,0
0,0.0,0
0,0.0,0
0,0.0,0
1,1.0,1
0,0.0,0
0,0.0,0
0,0.0,0
0,0.0,0
0,0.0,0
0,0.0,0
0,0.0,0
1,1.0,1
0,0.0,0
0,0.0,0
0,0.0,0
0,0.0,0
0,0.0,0
1,1.0,1
0,0.0,0
1,1.0,1
0,0.0,0
0,0.0,0
0,0.0,0
0,0.0,0
0,0.0,0
0,0.0,0
0,0.0,0
0,0.0,0
0,0.0,0
0,0.0,0
0,0.0,0
0,0.0,0
0,0.0,0
0,0.0,0
0,0.0,0
0,0.0,0
1,1.0,1
1,1.0,1
0,0.0,0
1,1.0,1
0,0.0,0
0,0.0,0
0,0.0,0
0,0.0,0
0,0.0,0
0,0.0,0
0,0.0,0
0,0.0,0
0,0.0,0
0,0.0,0
0,0.0,0
0,0.0,0
0,0.0,0
1,1.0,1
0,0.0,0
0,0.0,0
0,0.0,0
0,0.0,0
1,1.0,1
1,1.0,1
0,0.0,0
0,0.0,0
0,0.0,0
0,0.0,0
0,0.0,0
0,0.0,0
0,0.0,0
0,0.0,0
0,0.0,0
0,0.0,0
0,0.0,0
0,0.0,0
0,0.0,0
1,1.0,1
0,0.0,0
0,0.0,0
0,0.0,0
0,0.0,0
0,0.0,0
0,0.0,0
0,0.0,0
0,0.0,0
0,0.0,0
0,0.0,0
0,0.0,0
0,0.0,0
1,1.0,1
0,0.0,0
0,0.0,0
0,0.0,0
1,1.0,1
0,0.0,0
0,0.0,0
0,0.0,0
1,1.0,1
0,0.0,0
0,0.0,0
0,0.0,0
0,0.0,0
1,1.0,1
0,0.0,0
0,0.0,0
0,0.0,0
0,0.0,0
0,0.0,0
0,0.0,0
0,0.0,0
1,0.22993329167366028,1
0,0.0,0
0,0.0,0
0,0.0,0
0,0.0,0
0,0.0,0
0,0.0,0
1,1.0,1
0,0.0,0
0,0.0,0
0,0.0,0
0,0.0,0
0,0.0,0
0,0.0,0
0,0.0,0
0,0.0,0
0,0.0,0
0,0.0,0
1,1.0,1
1,1.0,1
0,0.0,0
0,0.0,0
0,0.0,0
0,0.0,0
0,0.18363074958324432,0
0,0.0,0
0,0.0,0
0,0.0,0
0,0.0,0
0,0.0,0
1,1.0,1
0,0.0,0
0,0.0,0
0,0.0,0
0,0.0,0
0,0.0,0
0,0.0,0
0,0.0,0
0,0.0,0
1,1.0,1
0,0.0,0
0,0.14078041911125183,0
0,0.0,0
0,0.0,0
0,0.0,0
0,0.0,0
0,0.0,0
0,0.0,0
0,0.0,0
1,1.0,1
0,0.0,0
0,0.0,0
0,0.0,0
0,0.0,0
0,0.0,0
0,0.0,0
0,0.0,0
0,0.0,0
0,0.0,0
0,0.0,0
0,0.0,0
0,0.0,0
0,0.0,0
1,1.0,1
0,0.0,0
0,0.0,0
0,0.0,0
1,1.0,1
0,0.0,0
0,0.0,0
0,0.0,0
1,1.0,1
0,0.0,0
0,0.0,0
0,0.0,0
0,0.0,0
0,0.0,0
0,0.0,0
0,0.0,0
0,0.0,0
0,0.0,0
0,0.0,0
1,1.0,1
0,0.0,0
0,0.0,0
0,0.0,0
0,0.0,0
1,1.0,1
0,0.0,0
0,0.0,0
1,1.0,1
0,0.0,0
0,0.0,0
0,0.0,0
0,0.0,0
0,0.0,0
0,0.0,0
1,1.0,1
0,0.0,0
0,0.0,0
1,1.0,1
0,0.0,0
0,0.0,0
0,0.0,0
0,0.0,0
1,0.7951322793960571,1
0,0.0,0
0,0.0,0
0,0.0,0
0,0.0,0
0,0.0,0
0,0.0,0
0,0.0,0
0,0.0,0
1,1.0,1
1,1.0,1
0,0.0,0
0,0.0,0
0,0.0,0
0,0.0,0
0,0.0,0
0,0.0,0
0,0.0,0
1,1.0,1
0,0.0,0
1,1.0,1
0,0.0,0
0,0.0,0
0,0.0,0
0,0.0,0
0,0.0,0
0,0.0,0
0,0.0,0
0,0.0,0
0,0.0,0
0,0.0,0
0,0.0,0
0,0.0,0
0,0.0,0
1,1.0,1
0,0.0,0
1,1.0,1
0,0.0,0
0,0.0,0
0,0.0,0
0,0.0,0
0,0.0,0
0,0.0,0
0,0.0,0
0,0.0,0
0,0.0,0
0,0.03518449515104294,0
0,0.0,0
0,0.0,0
0,0.0,0
0,0.0,0
0,0.0,0
0,0.0,0
0,0.0,0
1,1.0,1
0,0.0,0
0,0.0,0
0,0.0,0
0,0.0,0
0,0.0,0
0,0.0,0
0,0.0,0
0,0.0,0
0,0.0,0
0,0.0,0
0,0.0,0
0,0.0,0
0,0.0,0
0,0.0,0
0,0.0,0
0,0.0,0
0,0.0,0
1,1.0,1
0,0.0,0
0,0.0,0
0,0.0,0
0,0.0,0
0,0.0,0
1,1.0,1
0,0.0,0
0,0.0,0
0,0.0,0
0,0.0,0
0,0.0,0
0,0.0,0
0,0.0,0
0,0.0,0
0,0.0,0
1,1.0,1
0,0.0,0
0,0.0,0
0,0.0,0
0,0.0,0
1,1.0,1
0,0.0,0
0,0.0,0
0,0.0,0
1,1.0,1
0,0.0,0
0,0.0,0
0,0.0,0
0,0.0,0
0,0.0,0
0,0.0,0
0,0.0,0
0,0.0,0
0,0.0,0
0,0.0,0
0,0.0,0
1,1.0,1
1,1.0,1
0,0.0,0
0,0.0,0
0,0.0,0
0,0.0,0
0,0.0,0
0,0.0,0
0,0.0,0
0,0.0,0
0,0.0,0
1,0.7852367162704468,1
0,0.0,0
0,0.0,0
0,0.0,0
1,0.0,0
0,0.0,0
0,0.0,0
0,0.0,0
0,0.0,0
0,0.0,0
0,0.0,0
0,0.0,0
0,0.0,0
0,0.0,0
0,0.0,0
0,0.0,0
0,0.0,0
0,0.0,0
1,1.0,1
1,1.0,1
0,0.0,0
0,0.0,0
0,0.0,0
0,0.0,0
0,0.0,0
0,0.0,0
0,0.0,0
1,1.0,1
0,0.0,0
0,0.0,0
0,0.0,0
1,1.0,1
0,0.0,0
0,0.0,0
0,0.0,0
0,0.0,0
0,0.0,0
0,0.0,0
0,0.0,0
0,0.0,0
0,0.0,0
0,0.0,0
0,0.0,0
0,0.0,0
0,0.0,0
1,1.0,1
1,1.0,1
0,0.0,0
0,0.0,0
0,0.0,0
0,0.0,0
0,0.0,0
0,0.0,0
0,0.0,0
0,0.0,0
0,0.0,0
0,0.0,0
1,1.0,1
0,0.0,0
0,0.0,0
0,0.0,0
0,0.0,0
0,0.0,0
0,0.0,0
0,0.0,0
1,1.0,1
0,0.0,0
0,0.0,0
0,0.0,0
0,0.0,0
0,0.0,0
0,0.0,0
1,1.0,1
0,0.0,0
0,0.0,0
0,0.0,0
0,0.0,0
0,0.0,0
0,0.0,0
1,1.0,1
0,0.0,0
0,0.0,0
1,0.813616156578064,1
0,0.0,0
1,1.0,1
0,0.0,0
0,0.0,0
0,0.5115137696266174,1
0,0.0,0
1,1.0,1
1,1.0,1
0,0.47921642661094666,1
0,0.0,0
0,0.0,0
0,0.0,0
0,0.0,0
0,0.0,0
0,0.0,0
0,0.0,0
0,0.0,0
0,0.0,0
0,0.0,0
0,0.0,0
1,1.0,1
0,0.0,0
0,0.0,0
1,1.0,1
0,0.0,0
0,0.0,0
1,1.0,1
0,0.0,0
0,0.0,0
1,0.4718083143234253,1
0,0.0,0
0,0.0,0
0,0.0,0
1,1.0,1
0,0.0,0
0,0.0,0
0,0.0,0
0,0.0,0
0,0.0,0
1,1.0,1
0,0.0,0
0,0.0,0
0,0.0,0
1,1.0,1
1,1.0,1
0,0.0,0
1,0.0,0
0,0.0,0
1,1.0,1
0,0.0,0
0,0.0,0
0,0.0,0
0,0.0,0
0,0.0,0
1,1.0,1
0,0.0,0
0,0.0,0
0,0.0,0
0,0.0,0
0,0.0,0
0,0.0,0
0,0.0,0
0,0.0,0
0,0.0,0
0,0.0,0
1,1.0,1
0,0.0,0
0,0.0,0
0,0.0,0
0,0.0,0
0,0.0,0
0,0.0,0
1,1.0,1
0,0.0,0
1,1.0,1
0,0.0,0
1,1.0,1
0,0.0,0
1,1.0,1
0,0.0,0
0,0.0,0
1,0.6779093146324158,1
0,0.0,0
0,0.0,0
0,0.0,0
0,0.0,0
0,0.0,0
0,0.0,0
1,1.0,1
0,0.0,0
0,0.0,0
1,1.0,1
0,0.0,0
0,0.0,0
0,0.0,0
0,0.0,0
0,0.0,0
0,0.0,0
0,0.0,0
0,0.0,0
1,1.0,1
0,0.0,0
1,1.0,1
1,1.0,1
1,1.0,1
0,0.0,0
0,0.0,0
0,0.0,0
0,0.0,0
0,0.0,0
1,1.0,1
0,0.0,0
0,0.0,0
0,0.0,0
0,0.0,0
0,0.0,0
0,0.0,0
0,0.0,0
0,0.0,0
0,0.0,0
0,0.0,0
1,1.0,1
0,0.0,0
1,1.0,1
0,0.0,0
0,0.0,0
0,0.0,0
0,0.32409754395484924,1
0,0.0,0
0,0.0,0
0,0.0,0
0,0.0,0
0,0.0,0
0,0.0,0
0,0.0,0
0,0.0,0
0,0.0,0
1,1.0,1
0,0.0,0
1,1.0,1
0,0.0,0
0,0.0,0
0,0.0,0
0,0.0,0
0,0.0,0
0,0.0,0
0,0.0,0
0,0.0,0
0,0.0,0
0,0.0,0
0,0.0,0
0,0.0,0
0,1.0,1
0,0.0,0
1,1.0,1
0,0.0,0
0,0.0,0
0,0.0,0
0,0.0,0
0,0.0,0
0,0.0,0
0,0.0,0
0,0.0,0
1,1.0,1
0,0.0,0
0,0.0,0
0,0.0,0
0,0.0,0
0,0.0,0
0,0.0,0
0,0.0,0
0,0.0,0
0,0.0,0
0,0.0,0
0,0.0,0
0,0.0,0
1,1.0,1
0,0.0,0
0,0.0,0
0,0.0,0
0,0.0,0
0,0.0,0
0,0.0,0
0,0.0,0
0,0.0,0
0,0.0,0
0,0.0,0
0,0.0,0
1,1.0,1
0,0.0,0
0,0.0,0
0,0.0,0
0,0.0,0
1,1.0,1
0,0.0,0
0,0.0,0
0,0.0,0
0,0.0,0
0,0.0,0
0,0.0,0
0,0.0,0
0,0.0,0
0,0.0,0
0,0.0,0
0,0.0,0
0,0.0,0
0,0.0,0
0,0.0,0
0,0.0,0
0,0.0,0
0,0.0,0
1,1.0,1
0,0.0,0
0,0.0,0
0,0.0,0
1,1.0,1
0,0.0,0
1,1.0,1
0,0.0,0
0,0.0,0
0,0.0,0
0,0.0,0
0,0.0,0
1,1.0,1
0,0.0,0
0,0.0,0
1,1.0,1
0,0.0,0
0,0.0,0
0,0.0,0
0,0.0,0
0,0.0,0
1,1.0,1
0,0.0,0
0,0.0,0
1,1.0,1
0,0.0,0
0,0.0,0
0,0.0,0
0,0.0,0
0,0.0,0
0,0.0,0
0,0.0,0
0,0.0,0
0,0.0,0
0,0.0,0
0,0.0,0
1,1.0,1
1,0.0,0
1,1.0,1
0,0.0,0
0,0.0,0
1,1.0,1
0,0.0,0
0,0.0,0
0,0.0,0
0,0.0,0
0,0.0,0
0,0.0,0
0,0.0,0
1,0.0,0
0,0.0,0
0,0.0,0
1,1.0,1
0,0.0,0
0,0.0,0
0,0.0,0
0,0.0,0
0,0.0,0
0,0.0,0
0,0.0,0
1,1.0,1
0,0.0,0
0,0.0,0
0,0.0,0
0,0.0,0
0,0.0,0
0,0.0,0
0,0.0,0
0,0.0,0
0,0.581207275390625,1
0,0.0,0
0,0.0,0
0,0.0,0
0,0.0,0
0,0.0,0
0,0.0,0
0,0.0,0
0,0.0,0
0,0.0,0
0,0.0,0
1,1.0,1
0,0.0,0
1,1.0,1
0,0.0,0
0,0.0,0
0,0.0,0
1,1.0,1
1,1.0,1
0,0.0,0
0,0.0,0
0,0.0,0
0,0.0,0
0,0.0,0
0,0.0,0
1,1.0,1
1,1.0,1
0,0.0,0
0,0.0,0
0,0.0,0
0,0.0,0
0,0.0,0
1,1.0,1
0,0.0,0
1,1.0,1
0,0.0,0
1,1.0,1
0,0.0,0
0,0.0,0
0,0.0,0
0,0.0,0
1,1.0,1
1,1.0,1
1,1.0,1
0,0.0,0
0,0.0,0
0,0.0,0
0,0.0,0
0,0.0,0
0,0.0,0
0,0.0,0
1,1.0,1
0,0.0,0
0,0.0,0
0,0.0,0
0,0.0,0
0,0.0,0
0,0.0,0
0,0.0,0
0,0.0,0
0,0.0,0
0,0.0,0
0,0.0,0
0,0.0,0
1,1.0,1
0,0.0,0
0,0.0,0
0,0.0,0
1,0.9668287634849548,1
0,0.0,0
1,1.0,1
0,0.0,0
1,1.0,1
0,0.0,0
1,1.0,1
0,0.0,0
0,0.0,0
0,0.0,0
0,0.0,0
0,0.0,0
0,0.0,0
0,0.0,0
0,0.0,0
1,0.7477725744247437,1
0,0.0,0
0,0.0,0
0,0.0,0
0,0.0,0
0,0.0,0
0,0.0,0
0,0.0,0
0,0.0,0
0,0.0,0
0,0.0,0
0,0.0,0
0,0.0,0
0,0.0,0
0,0.0,0
0,0.0,0
1,1.0,1
0,0.0,0
0,0.0,0
0,0.0,0
0,0.0,0
0,0.0,0
0,0.0,0
1,1.0,1
0,0.0,0
0,0.0,0
0,0.0,0
1,1.0,1
0,0.0,0
0,0.0,0
0,0.0,0
0,0.0,0
0,0.0,0
0,0.0,0
0,0.0,0
0,0.0,0
0,0.0,0
0,0.0,0
0,0.0,0
1,1.0,1
0,0.0,0
0,0.0,0
0,0.0,0
1,1.0,1
0,0.0,0
1,1.0,1
0,0.0,0
0,0.0,0
1,0.4972591698169708,1
0,0.0,0
0,0.0,0
0,0.0,0
0,0.0,0
1,1.0,1
0,0.0,0
0,0.0,0
0,0.0,0
0,0.0,0
0,0.0,0
0,0.0,0
0,0.0,0
0,0.0,0
1,0.7911449074745178,1
0,0.0,0
0,0.0,0
0,0.0,0
0,0.0,0
0,0.0,0
0,0.0,0
1,1.0,1
0,0.0,0
1,1.0,1
1,1.0,1
1,1.0,1
0,0.0,0
0,0.0,0
0,0.0,0
0,0.0,0
0,0.0,0
0,0.0,0
1,1.0,1
0,0.0,0
0,0.0,0
0,0.0,0
0,0.0,0
0,0.0,0
0,0.0,0
0,0.0,0
0,0.0,0
0,0.0,0
0,0.0,0
0,0.0,0
0,0.0,0
0,0.0,0
1,1.0,1
0,0.0,0
0,0.0,0
0,0.0,0
1,1.0,1
0,0.0,0
0,0.0,0
0,0.0,0
0,0.0,0
0,0.0,0
1,1.0,1
0,0.0,0
0,0.0,0
0,0.0,0
0,0.0,0
0,0.0,0
0,0.0,0
0,0.0,0
0,0.0,0
0,0.0,0
0,0.0,0
0,0.0,0
0,0.0,0
0,0.0,0
0,0.0,0
0,0.0,0
0,0.0,0
0,0.0,0
0,0.0,0
0,0.0,0
0,0.0,0
1,1.0,1
0,0.0,0
0,0.0,0
0,0.0,0
0,0.0,0
0,0.0,0
0,0.0,0
0,0.0,0
0,0.0,0
0,0.0,0
0,0.0,0
1,1.0,1
0,0.0,0
1,1.0,1
0,0.0,0
0,0.0,0
1,1.0,1
0,0.0,0
0,0.0,0
0,0.0,0
0,0.0,0
0,0.0,0
0,0.0,0
0,0.0,0
0,0.0,0
0,0.0,0
